word_or_prompt,male,female,multiple_people,green,blue,black/white,red,yellow,no_color,mixed_color,static,moving,thrown,mixed_motion,offscreen_help,smile,oxytocin,laying,sitting,crouching,standing,one_leg,jumping,handstand,mixed_poses,literal_prop,prop_descriptor_tag,pos_connotation,neg_connotation,ambigous_connotation,shoot_id,photo_id
after,TRUE,TRUE,TRUE,TRUE,TRUE,TRUE,TRUE,TRUE,,TRUE,TRUE,,,,,TRUE,TRUE,,,,TRUE,,,,,TRUE,network,TRUE,,,cb_stanford,cb_stanford_10
after,TRUE,TRUE,TRUE,TRUE,TRUE,,TRUE,TRUE,,TRUE,TRUE,,,,,TRUE,TRUE,,,,TRUE,,,,,,,TRUE,,,cb_stanford,cb_stanford_12
after,TRUE,TRUE,TRUE,TRUE,TRUE,,TRUE,,,TRUE,TRUE,,,,,TRUE,TRUE,,,TRUE,,TRUE,,,,TRUE,superhero cape,TRUE,,,cb_stanford,cb_stanford_14
after,TRUE,TRUE,TRUE,TRUE,TRUE,TRUE,TRUE,TRUE,,TRUE,,,,,,TRUE,TRUE,,,TRUE,TRUE,,,,TRUE,,,TRUE,,,cb_stanford,cb_stanford_26
after,TRUE,TRUE,TRUE,TRUE,TRUE,TRUE,TRUE,TRUE,,TRUE,,,,,,TRUE,TRUE,,,,TRUE,,,,,,,TRUE,,,cb_stanford,cb_stanford_34
after,TRUE,TRUE,TRUE,TRUE,TRUE,TRUE,TRUE,TRUE,,TRUE,TRUE,,,,,TRUE,TRUE,,TRUE,TRUE,TRUE,,,,TRUE,,,TRUE,,,cb_stanford,cb_stanford_54
after,,TRUE,,TRUE,,,,TRUE,,TRUE,TRUE,,,,,TRUE,,,,,,,,TRUE,,,,TRUE,,,cb_stanford,cb_stanford_2
after,TRUE,TRUE,TRUE,,,,TRUE,,,,TRUE,,,,,TRUE,,,,TRUE,TRUE,,,,,TRUE,heart,TRUE,,,cb_stanford,cb_stanford_4
after,,TRUE,,TRUE,,,TRUE,TRUE,,TRUE,,TRUE,,,,,,,,,,,TRUE,,,,,TRUE,,,cb_stanford,cb_stanford_6
after,TRUE,,,TRUE,,,TRUE,TRUE,,TRUE,,TRUE,,,,,,,,,,,TRUE,,,,,TRUE,,,cb_stanford,cb_stanford_8
after,,TRUE,,,,,,TRUE,,,,TRUE,,,,TRUE,,,,,,TRUE,,,,,,TRUE,,,cb_stanford,cb_stanford_16
after,TRUE,TRUE,TRUE,TRUE,TRUE,,,TRUE,,TRUE,TRUE,,,,,TRUE,,,,TRUE,TRUE,,,,TRUE,,,TRUE,,,cb_stanford,cb_stanford_18
after,TRUE,TRUE,TRUE,,TRUE,,TRUE,TRUE,,TRUE,TRUE,,,,,TRUE,,,,,TRUE,,,,,TRUE,superhero cape,TRUE,,,cb_stanford,cb_stanford_20
after,TRUE,TRUE,TRUE,TRUE,,,TRUE,TRUE,,TRUE,,TRUE,,,,TRUE,,,,,,,TRUE,,,,,TRUE,,,cb_stanford,cb_stanford_22
after,TRUE,TRUE,TRUE,,TRUE,TRUE,TRUE,TRUE,,TRUE,,,,,,TRUE,,,,TRUE,TRUE,,TRUE,,TRUE,,,TRUE,,,cb_stanford,cb_stanford_24
after,TRUE,,,,TRUE,,,,,,,TRUE,,,,TRUE,,,,,,,TRUE,,,,,TRUE,,,cb_stanford,cb_stanford_28
after,TRUE,,TRUE,,TRUE,,TRUE,TRUE,,TRUE,,,TRUE,,,TRUE,,,,,TRUE,,TRUE,,TRUE,,,TRUE,,,cb_stanford,cb_stanford_30
after,TRUE,,,TRUE,,,TRUE,TRUE,,TRUE,TRUE,,,,,,,,,,TRUE,,,,,,,TRUE,,,cb_stanford,cb_stanford_32
after,TRUE,TRUE,TRUE,TRUE,,TRUE,TRUE,TRUE,,TRUE,TRUE,,,,,TRUE,,,,TRUE,,,,,,,,TRUE,,,cb_stanford,cb_stanford_36
after,TRUE,,,TRUE,,,TRUE,TRUE,,TRUE,,TRUE,,,,,,,,,TRUE,,,,,,,TRUE,,,cb_stanford,cb_stanford_38
after,TRUE,,,,,,TRUE,,,,,TRUE,,,,,,,,,TRUE,,,,,,,TRUE,,,cb_stanford,cb_stanford_40
after,TRUE,,,,,TRUE,,,,,,TRUE,,,,TRUE,,,,,TRUE,,,,,,,TRUE,,,cb_stanford,cb_stanford_42
after,TRUE,,TRUE,,,,TRUE,,,,TRUE,,,,,,,,,,TRUE,,,,,TRUE,superhero cape,TRUE,,,cb_stanford,cb_stanford_44
after,,TRUE,,,,,TRUE,,,,,TRUE,,,,TRUE,,,,,,TRUE,,,,,dance,TRUE,,,cb_stanford,cb_stanford_46
after,TRUE,,,,TRUE,,,,,,TRUE,,,,,,,,,TRUE,,,,,,,,TRUE,,,cb_stanford,cb_stanford_48
after,TRUE,,,,,,,TRUE,,,TRUE,,,,,TRUE,,,,,TRUE,,,,,TRUE,superhero cape,TRUE,,,cb_stanford,cb_stanford_50
after,,TRUE,,,,,TRUE,,,,,TRUE,,,,TRUE,,,,,TRUE,,,,,,,TRUE,,,cb_stanford,cb_stanford_52
after,TRUE,,,,,,TRUE,,,,,TRUE,,,,TRUE,,,,,,,TRUE,,,,,TRUE,,,cb_stanford,cb_stanford_56
after,TRUE,,,,,,,TRUE,,,,TRUE,,,,TRUE,,,,,,TRUE,,,,,,TRUE,,,cb_stanford,cb_stanford_58
after,,TRUE,,,,,TRUE,,,,,TRUE,,,,,,,,,TRUE,,,,,,,TRUE,,,cb_stanford,cb_stanford_60
after,,TRUE,,,,,TRUE,,,,,TRUE,,,,,,,,,,,,TRUE,,,,TRUE,,,cb_stanford,cb_stanford_62
after,TRUE,TRUE,TRUE,,TRUE,,TRUE,,,TRUE,TRUE,,,,,TRUE,,,,TRUE,,,,,,,,TRUE,,,cb_stanford,cb_stanford_64
after,TRUE,,,,TRUE,,,,,,,TRUE,,,,TRUE,,,,,,,TRUE,,,,,TRUE,,,cb_stanford,cb_stanford_66
after,TRUE,,,,TRUE,,TRUE,TRUE,,TRUE,TRUE,,,,,TRUE,,,,TRUE,,,,,,,,TRUE,,,cb_stanford,cb_stanford_68
after,,TRUE,,,,,TRUE,,,,TRUE,,,,,TRUE,,,,,TRUE,,,,,,,TRUE,,,cb_stanford,cb_stanford_70
after,TRUE,,,,TRUE,,,TRUE,,TRUE,,,,,,TRUE,,,,,,,TRUE,,,,,TRUE,,,cb_stanford,cb_stanford_72
after,TRUE,,,,,,TRUE,,,,TRUE,,,,,,,,,,TRUE,,,,,,,TRUE,,,cb_stanford,cb_stanford_74
after,TRUE,,,,,,TRUE,,,,,,,,,TRUE,,,,,TRUE,,,,,TRUE,torreador's cape,TRUE,,,cb_stanford,cb_stanford_76
after,TRUE,,,,,,TRUE,,,,TRUE,,,,,TRUE,,,,,,TRUE,,,,TRUE,superhero cape,TRUE,,,cb_stanford,cb_stanford_78
after,,TRUE,TRUE,TRUE,TRUE,,TRUE,,,TRUE,,TRUE,,,,TRUE,,,,,,,TRUE,,,,,TRUE,,,cb_stanford,cb_stanford_80
after,TRUE,,,,,,TRUE,,,,TRUE,,,,,TRUE,,,,TRUE,,,,,,,,TRUE,,,cb_stanford,cb_stanford_82
after,TRUE,,,,,,,,TRUE,,,,,,,TRUE,,,,,TRUE,,,,,,,TRUE,,,cb_stanford,cb_stanford_84
after,TRUE,,,,,,,TRUE,,,TRUE,,,,,,,,,TRUE,,,,,,,,TRUE,,,cb_stanford,cb_stanford_86
after,TRUE,,,TRUE,TRUE,,,,,TRUE,,,,,,,,,,,TRUE,,,,,,,TRUE,,,cb_stanford,cb_stanford_88
after,,TRUE,,,,,TRUE,,,,,TRUE,,,,TRUE,,,,,,TRUE,,,,,,TRUE,,,cb_stanford,cb_stanford_90
after,TRUE,,,TRUE,TRUE,,,,,TRUE,,TRUE,,,,,,,,,TRUE,,,,,,,TRUE,,,cb_stanford,cb_stanford_92
after,TRUE,,,,TRUE,,,,,,TRUE,,,,,TRUE,,,,,TRUE,,,,,,,TRUE,,,cb_stanford,cb_stanford_94
after,TRUE,,,TRUE,,,,,,,TRUE,,,,,TRUE,,,,,TRUE,,,,,,,TRUE,,,cb_stanford,cb_stanford_96
after,TRUE,,,,,,TRUE,,,,TRUE,,,,,,,,,,TRUE,,,,,,,TRUE,,,cb_stanford,cb_stanford_98
after,TRUE,,,,,,TRUE,,,,TRUE,,,,,,,,,,,,TRUE,,,TRUE,superhero cape,TRUE,,,cb_stanford,cb_stanford_100
after,,TRUE,,,TRUE,,TRUE,,,TRUE,,TRUE,,,,TRUE,,,,,TRUE,,,,,,,TRUE,,,cb_stanford,cb_stanford_102
before,TRUE,TRUE,TRUE,,TRUE,TRUE,TRUE,TRUE,,TRUE,TRUE,,,,,,TRUE,,,,TRUE,,,,,TRUE,handcuffs,,TRUE,,cb_stanford,cb_stanford_9
before,TRUE,TRUE,TRUE,TRUE,TRUE,,TRUE,,,TRUE,TRUE,,,,,,TRUE,,,TRUE,,,,,,,,,TRUE,,cb_stanford,cb_stanford_13
before,TRUE,TRUE,TRUE,TRUE,TRUE,,,TRUE,,TRUE,TRUE,,,,,,TRUE,,,TRUE,TRUE,,,,TRUE,TRUE,academic_robes,,TRUE,,cb_stanford,cb_stanford_17
before,TRUE,TRUE,TRUE,TRUE,,TRUE,TRUE,TRUE,,TRUE,TRUE,,,,,,TRUE,,,TRUE,,,,,,,,,TRUE,,cb_stanford,cb_stanford_33
before,TRUE,TRUE,TRUE,TRUE,,TRUE,,TRUE,,TRUE,TRUE,,,,,,TRUE,,,,TRUE,,,,,,,,TRUE,,cb_stanford,cb_stanford_35
before,TRUE,TRUE,TRUE,TRUE,TRUE,TRUE,TRUE,TRUE,,TRUE,TRUE,,,,,,TRUE,,TRUE,TRUE,TRUE,,,,TRUE,,,,TRUE,,cb_stanford,cb_stanford_53
before,,TRUE,,TRUE,,,TRUE,TRUE,,TRUE,TRUE,,,,,,,,,,,TRUE,,,,,,,TRUE,,cb_stanford,cb_stanford_1
before,TRUE,TRUE,TRUE,TRUE,TRUE,TRUE,TRUE,TRUE,,TRUE,TRUE,,,,,,,,,,TRUE,,,,,,,,TRUE,,cb_stanford,cb_stanford_3
before,,TRUE,,,,,TRUE,,,,TRUE,,,,,,,,,,TRUE,,,,,,,,TRUE,,cb_stanford,cb_stanford_5
before,TRUE,,,,,TRUE,,,,,TRUE,,,,,,,,,,TRUE,,,,,,,,TRUE,,cb_stanford,cb_stanford_7
before,TRUE,TRUE,TRUE,,,TRUE,,,,,TRUE,,,,,,,,,,TRUE,,,,,,,,TRUE,,cb_stanford,cb_stanford_11
before,,TRUE,,,TRUE,,,,,,TRUE,,,,,,,,,TRUE,,,,,,,,,TRUE,,cb_stanford,cb_stanford_15
before,TRUE,TRUE,TRUE,,TRUE,,TRUE,TRUE,,TRUE,TRUE,,,,,,,,,,TRUE,,,,,,,,TRUE,,cb_stanford,cb_stanford_19
before,TRUE,TRUE,TRUE,,,TRUE,,,,,TRUE,,,,,,,,,TRUE,,,,,,,,,TRUE,,cb_stanford,cb_stanford_21
before,TRUE,TRUE,TRUE,,TRUE,TRUE,TRUE,TRUE,,TRUE,TRUE,,,,,,,,,TRUE,TRUE,,,,TRUE,,,,TRUE,,cb_stanford,cb_stanford_23
before,TRUE,TRUE,TRUE,TRUE,TRUE,TRUE,TRUE,TRUE,,TRUE,TRUE,,,,,,,,,TRUE,TRUE,,,,TRUE,,,,TRUE,,cb_stanford,cb_stanford_25
before,TRUE,,,,TRUE,,,,,,,,TRUE,,,,,,,TRUE,,,,,,,,,TRUE,,cb_stanford,cb_stanford_27
before,TRUE,,TRUE,,,,,,TRUE,,,,,,,,,,,,TRUE,,,,,,,,TRUE,,cb_stanford,cb_stanford_29
before,TRUE,,,,,,,TRUE,,,TRUE,,,,,,,,,TRUE,,,,,,,,,TRUE,,cb_stanford,cb_stanford_31
before,TRUE,,,,TRUE,,,,,,TRUE,,,,,,,,,TRUE,,,,,,,,,TRUE,,cb_stanford,cb_stanford_37
before,TRUE,,,,,TRUE,,,,,TRUE,,,,,,,,,TRUE,,,,,,,,,TRUE,,cb_stanford,cb_stanford_39
before,TRUE,,,,,TRUE,,,,,TRUE,,,,,,,,,,TRUE,,,,,,,,TRUE,,cb_stanford,cb_stanford_41
before,TRUE,,TRUE,,,TRUE,,,,,TRUE,,,,,,,TRUE,,,,,,,,,,,TRUE,,cb_stanford,cb_stanford_43
before,,TRUE,,,TRUE,,,,,,,TRUE,,,,,,,,TRUE,,,,,,,,,TRUE,,cb_stanford,cb_stanford_45
before,TRUE,,,,,,,,TRUE,,,,,,,,,,,,TRUE,,,,,,,,TRUE,,cb_stanford,cb_stanford_47
before,TRUE,,,,TRUE,,,,,,TRUE,,,,,,,,,TRUE,,,,,,,,,TRUE,,cb_stanford,cb_stanford_49
before,,TRUE,,,TRUE,,,,,,TRUE,,,,,,,TRUE,,,,,,,,,,,TRUE,,cb_stanford,cb_stanford_51
before,TRUE,,,,,TRUE,,,,,TRUE,,,,,,,,,TRUE,,,,,,,,,TRUE,,cb_stanford,cb_stanford_55
before,TRUE,,,,,TRUE,,,,,TRUE,,,,,,,,,,TRUE,,,,,,,,TRUE,,cb_stanford,cb_stanford_57
before,,TRUE,,,,TRUE,,,,,TRUE,,,,,,,,,,TRUE,,,,,,,,TRUE,,cb_stanford,cb_stanford_59
before,,TRUE,,,TRUE,,,,,,TRUE,,,,,,,,TRUE,,,,,,,,,,TRUE,,cb_stanford,cb_stanford_61
before,TRUE,TRUE,TRUE,,,,,,TRUE,,,,,,,,,,,,TRUE,,,,,,,,TRUE,,cb_stanford,cb_stanford_63
before,TRUE,,,,,,TRUE,,,,TRUE,,,,,,,,TRUE,,,,,,,,,,TRUE,,cb_stanford,cb_stanford_65
before,TRUE,,,TRUE,,,,,,,TRUE,,,,,,,,,,TRUE,,,,,,,,TRUE,,cb_stanford,cb_stanford_67
before,,TRUE,,TRUE,,,,TRUE,,TRUE,TRUE,,,,,,,,,,TRUE,,,,,,,,TRUE,,cb_stanford,cb_stanford_69
before,TRUE,,,,TRUE,,,,,,TRUE,,,,,,,,,TRUE,,,,,,,,,TRUE,,cb_stanford,cb_stanford_71
before,TRUE,,,,,,TRUE,,,,TRUE,,,,,,,,,,,,,TRUE,,,,,TRUE,,cb_stanford,cb_stanford_73
before,TRUE,,,,,TRUE,,,,,TRUE,,,,,,,,,,TRUE,,,,,,,,TRUE,,cb_stanford,cb_stanford_75
before,TRUE,,,,TRUE,,,,,,TRUE,,,,,,,,,,TRUE,,,,,,,,TRUE,,cb_stanford,cb_stanford_77
before,,TRUE,TRUE,TRUE,TRUE,,TRUE,,,TRUE,TRUE,,,,,,,,,TRUE,,,,,,,,,TRUE,,cb_stanford,cb_stanford_79
before,TRUE,,,,TRUE,,,,,,TRUE,,,,,,,,,,TRUE,,,,,,,,TRUE,,cb_stanford,cb_stanford_81
before,TRUE,,,,,,,,TRUE,,,,,,,,,,,,TRUE,,,,,,,,TRUE,,cb_stanford,cb_stanford_83
before,TRUE,,,,,TRUE,,,,,TRUE,,,,,,,,TRUE,,,,,,,,,,TRUE,,cb_stanford,cb_stanford_85
before,TRUE,,,,,,TRUE,,,,TRUE,,,,,,,,,,TRUE,,,,,,,,TRUE,,cb_stanford,cb_stanford_87
before,,TRUE,,,,,,,TRUE,,,,,,,,,,TRUE,,,,,,,,,,TRUE,,cb_stanford,cb_stanford_89
before,TRUE,,,,,,TRUE,,,,TRUE,,,,,,,,,,TRUE,,,,,TRUE,blindfold,,TRUE,,cb_stanford,cb_stanford_91
before,TRUE,,,,,,,,TRUE,,TRUE,,,,,,,TRUE,,,,,,,,,,,TRUE,,cb_stanford,cb_stanford_93
before,TRUE,,,,,,,,TRUE,,TRUE,,,,,,,,,,TRUE,,,,,,,,TRUE,,cb_stanford,cb_stanford_95
before,TRUE,,,,,,TRUE,,,,TRUE,,,,,,,,,TRUE,,,,,,,,,TRUE,,cb_stanford,cb_stanford_97
before,TRUE,,,,,TRUE,,,,,TRUE,,,,,,,,,TRUE,,,,,,,,,TRUE,,cb_stanford,cb_stanford_99
before,,TRUE,,,TRUE,,,,,,TRUE,,,,,,,,,,TRUE,,,,,,,,TRUE,,cb_stanford,cb_stanford_101
breaking through,,TRUE,,,,,TRUE,,,,,,,,,,,,,,,,,,,,,TRUE,,,cb_hatch,cb_hatch_22
breaking through,,TRUE,TRUE,TRUE,,,,,,,TRUE,,,,,TRUE,,,,TRUE,TRUE,,,,,,,TRUE,,,cb_hatch,cb_hatch_24
breaking through,,TRUE,,,TRUE,,,,,,,,,,,,,,,,,,,,,,,TRUE,,,cb_hatch,cb_hatch_38
breaking through,,TRUE,,,TRUE,,,,,,,,,,,,,,,,,,,,,,,TRUE,,,cb_hatch,cb_hatch_43
breaking through,TRUE,,TRUE,TRUE,,,TRUE,,,TRUE,TRUE,,,TRUE,,,,,,,,,,,,TRUE,torreador_cape,TRUE,,,cb_hatch,cb_hatch_58
CSP,TRUE,TRUE,TRUE,,,,TRUE,TRUE,,TRUE,TRUE,,,,,TRUE,TRUE,TRUE,,TRUE,TRUE,,,,TRUE,,,TRUE,,,cb_hatch,cb_hatch_4
CSP,TRUE,TRUE,TRUE,,TRUE,,TRUE,,,TRUE,,TRUE,TRUE,TRUE,,TRUE,TRUE,,,TRUE,TRUE,,,,TRUE,,,TRUE,,,cb_hatch,cb_hatch_5
CSP,TRUE,TRUE,TRUE,TRUE,TRUE,,,TRUE,,TRUE,TRUE,,,,,TRUE,TRUE,,,TRUE,TRUE,,,,,,,TRUE,,,cb_hatch,cb_hatch_7
CSP,TRUE,TRUE,TRUE,TRUE,TRUE,,,,,,TRUE,,,,,,TRUE,TRUE,,,,,TRUE,,TRUE,,,TRUE,,,cb_hatch,cb_hatch_8
CSP,TRUE,TRUE,TRUE,TRUE,TRUE,,,,,,TRUE,,,,,,TRUE,,,,TRUE,,,,,,,TRUE,,,cb_hatch,cb_hatch_10
CSP,,TRUE,TRUE,TRUE,,,TRUE,,,,,TRUE,,,,,TRUE,,,TRUE,,,,,,,,TRUE,,,cb_hatch,cb_hatch_12
CSP,,TRUE,TRUE,,,TRUE,,,,,TRUE,,,,,TRUE,TRUE,,,,TRUE,,,,,,,TRUE,,,cb_hatch,cb_hatch_13
CSP,TRUE,TRUE,TRUE,,TRUE,,TRUE,TRUE,,,TRUE,,,,,TRUE,TRUE,TRUE,,,,,,,,,,TRUE,,,cb_hatch,cb_hatch_14
CSP,,TRUE,,,,,TRUE,,,,,TRUE,,,,,,,,,TRUE,,,,,,,TRUE,,,cb_hatch,cb_hatch_23
CSP,,TRUE,,,,TRUE,,,,,TRUE,,,,,,,,,,TRUE,,,,,,,TRUE,,,cb_hatch,cb_hatch_25
CSP,TRUE,,,,,,TRUE,,,,,TRUE,,,,,,,,TRUE,,,,,,,,TRUE,,,cb_hatch,cb_hatch_26
CSP,,TRUE,,TRUE,,,,,,,TRUE,,,,,,,,,TRUE,,,,,,,,TRUE,,,cb_hatch,cb_hatch_27
CSP,TRUE,,,,,,,TRUE,,,,TRUE,,,,,,,,,,,TRUE,,,,,TRUE,,,cb_hatch,cb_hatch_28
CSP,TRUE,TRUE,TRUE,,,,TRUE,TRUE,,TRUE,,TRUE,TRUE,TRUE,,TRUE,,,,TRUE,TRUE,,TRUE,,TRUE,,,TRUE,,,cb_hatch,cb_hatch_30
CSP,TRUE,TRUE,TRUE,,TRUE,,TRUE,,,TRUE,TRUE,TRUE,,TRUE,,TRUE,,,,,TRUE,,,,TRUE,,dance,TRUE,,,cb_hatch,cb_hatch_31
CSP,TRUE,,,,TRUE,,,,,,,TRUE,,,,,,,,TRUE,,,,,,,,TRUE,,,cb_hatch,cb_hatch_37
CSP,,TRUE,,,,,,TRUE,,,,TRUE,,,,,,,,,TRUE,,,,,,dance,TRUE,,,cb_hatch,cb_hatch_42
CSP,TRUE,,TRUE,,,,TRUE,,,,TRUE,,,,,,,,,,,,TRUE,,,,,TRUE,,,cb_hatch,cb_hatch_44
CSP,TRUE,,TRUE,,TRUE,,TRUE,,,TRUE,,TRUE,TRUE,TRUE,,,,,,,TRUE,,,,,,,TRUE,,,cb_hatch,cb_hatch_45
CSP,TRUE,TRUE,TRUE,TRUE,TRUE,,TRUE,TRUE,,TRUE,,TRUE,TRUE,TRUE,,,,,,TRUE,TRUE,,,,TRUE,,,TRUE,,,cb_hatch,cb_hatch_46
CSP,TRUE,,,,,,TRUE,,,,,TRUE,,,,,,,,,,TRUE,,,,,superhero_cape,TRUE,,,cb_hatch,cb_hatch_47
CSP,TRUE,,,,,,TRUE,,,,TRUE,,,,,,,,,,TRUE,,,,,TRUE,superhero_cape,TRUE,,,cb_hatch,cb_hatch_48
CSP,TRUE,,,,TRUE,,,,,,,TRUE,,,,,,,,,TRUE,,,,,,,TRUE,,,cb_hatch,cb_hatch_50
CSP,,TRUE,,TRUE,,,,,,,,TRUE,,,,TRUE,,,,,TRUE,,,,,,,TRUE,,,cb_hatch,cb_hatch_54
CSP,TRUE,TRUE,TRUE,TRUE,,,TRUE,,,TRUE,,TRUE,,,,,,,,,,,TRUE,,,,,TRUE,,,cb_hatch,cb_hatch_56
CSP,TRUE,TRUE,TRUE,TRUE,TRUE,TRUE,TRUE,TRUE,,TRUE,TRUE,TRUE,,TRUE,,,,,,,TRUE,TRUE,,,TRUE,,,TRUE,,,cb_hatch,cb_hatch_57
CSP,TRUE,,,TRUE,TRUE,TRUE,TRUE,TRUE,,TRUE,TRUE,,,,,,,,,,TRUE,,,,,,,TRUE,,,cb_hatch,cb_hatch_59
CSP,TRUE,TRUE,TRUE,TRUE,TRUE,,,,,,TRUE,TRUE,,TRUE,,,,,,TRUE,TRUE,,,,TRUE,,,TRUE,,,cb_hatch,cb_hatch_60
CSP,,TRUE,,,,,TRUE,,,,,TRUE,,,,,,,,,TRUE,,,,,TRUE,dress,TRUE,,,cb_hatch,cb_hatch_61
CSP,TRUE,,,,,TRUE,,,,,,TRUE,,,,TRUE,,,,TRUE,,,,,,,,TRUE,,,cb_hatch,cb_hatch_62
CSP,TRUE,TRUE,TRUE,TRUE,,,TRUE,TRUE,,,,TRUE,TRUE,TRUE,,TRUE,,,,TRUE,TRUE,,,,TRUE,,,TRUE,,,cb_hatch,cb_hatch_64
CSP,,TRUE,,,,,TRUE,,,,,TRUE,,,,,,,,,TRUE,,,,,,,TRUE,,,cb_hatch,cb_hatch_65
CSP,TRUE,,,,TRUE,,,,,,TRUE,,,,,,,,,,,TRUE,,,,,,TRUE,,,cb_hatch,cb_hatch_66
cuddle,,TRUE,,,,,TRUE,,,,TRUE,,,,,,,,TRUE,,,,,,,,,TRUE,,,cb_ms50,cb_ms50_2
cuddle,,TRUE,,,TRUE,,,,,,TRUE,,,,,,,,,TRUE,,,,,,,,TRUE,,,cb_ms50,cb_ms50_3
cuddle,,TRUE,,,,,TRUE,,,,TRUE,,,,,,,,,,TRUE,,,,,TRUE,superhero_cape,TRUE,,,cb_ms50,cb_ms50_21
cuddle,,TRUE,,,,,TRUE,,,,TRUE,,,,,,,,,,TRUE,,,,,,,TRUE,,,cb_ms50,cb_ms50_22
cuddle,,TRUE,,,,,TRUE,,,,TRUE,,,,,,,,,,TRUE,,,,,,,TRUE,,,cb_ms50,cb_ms50_43
cuddle,,TRUE,,,,,TRUE,,,,TRUE,,,,,,,,,,TRUE,,,,,,,TRUE,,,cb_ms50,cb_ms50_44
cuddle,TRUE,,,,,,TRUE,,,,TRUE,,,,,,,,,,TRUE,,,,,,,TRUE,,,cb_ms50,cb_ms50_45
cuddle,TRUE,,,,,,,TRUE,,,TRUE,,,,,,,,,,TRUE,,,,,,,TRUE,,,cb_ms50,cb_ms50_46
cuddle,TRUE,,,,,,,TRUE,,,,TRUE,,,,,,,,,TRUE,,,,,,,TRUE,,,cb_ms50,cb_ms50_56
cuddle,,TRUE,,,,,,TRUE,,,TRUE,,,,,TRUE,,,,,TRUE,,,,,,,TRUE,,,cb_ms50,cb_ms50_85
cuddle,,TRUE,,,,,,TRUE,,,TRUE,,,,,TRUE,,,,,TRUE,,,,,,,TRUE,,,cb_ms50,cb_ms50_86
cuddle,,TRUE,,,,,,TRUE,,,TRUE,,,,,TRUE,,,,TRUE,,,,,,,,TRUE,,,cb_ms50,cb_ms50_87
cuddle,,TRUE,,,,,TRUE,,,,TRUE,,,,,TRUE,,,,,TRUE,,,,,,,TRUE,,,cb_ms50,cb_ms50_88
cuddle,,TRUE,,,,,TRUE,,,,TRUE,,,,,TRUE,,,,TRUE,,,,,,,,TRUE,,,cb_ms50,cb_ms50_89
cuddle,,TRUE,,,TRUE,,,,,,TRUE,,,,,TRUE,,,,,TRUE,,,,,,,TRUE,,,cb_ms50,cb_ms50_90
cuddle,TRUE,,,,TRUE,,,,,,,TRUE,,,,TRUE,,,,,TRUE,,,,,,,TRUE,,,cb_ms50,cb_ms50_91
disruption,TRUE,TRUE,TRUE,TRUE,TRUE,,,,,TRUE,TRUE,,,,,,TRUE,,TRUE,,TRUE,,,,TRUE,,,,,TRUE,cb_hatch,cb_hatch_9
disruption,TRUE,TRUE,TRUE,,,,TRUE,,,,,TRUE,,,,TRUE,,,,TRUE,TRUE,,,,TRUE,TRUE,torreador_cape,,,TRUE,cb_hatch,cb_hatch_67
epiphany,TRUE,TRUE,TRUE,TRUE,TRUE,,,TRUE,,TRUE,TRUE,,,,,,TRUE,,,,TRUE,,,,,,,,,TRUE,cb_hatch,cb_hatch_6
epiphany,,TRUE,,,,,TRUE,TRUE,,TRUE,,TRUE,,,,TRUE,,,,,TRUE,,,,,,,,,TRUE,cb_hatch,cb_hatch_16
epiphany,,TRUE,,TRUE,,,,,,,,TRUE,,,,TRUE,,,,,TRUE,,,,,,,,,TRUE,cb_hatch,cb_hatch_17
epiphany,,TRUE,,,TRUE,,,,,,,TRUE,,,,,,,,,TRUE,,,,,,,,,TRUE,cb_hatch,cb_hatch_21
epiphany,,TRUE,,TRUE,,,,,,,,TRUE,,,,,,,,,,,TRUE,,,,,,,TRUE,cb_hatch,cb_hatch_33
epiphany,TRUE,,,,TRUE,,,,,,TRUE,,,,,,,,,TRUE,,,,,,,,,,TRUE,cb_hatch,cb_hatch_34
epiphany,,TRUE,,TRUE,,,,,,,,,TRUE,,,TRUE,,,,,TRUE,,,,,,,,,TRUE,cb_hatch,cb_hatch_49
epiphany,TRUE,,,,,,,TRUE,,,,,TRUE,,,,,,,,TRUE,,,,,,,,,TRUE,cb_hatch,cb_hatch_52
epiphany,,TRUE,TRUE,,,,TRUE,TRUE,,TRUE,,TRUE,,,,TRUE,,,,,TRUE,,,,,,,,,TRUE,cb_hatch,cb_hatch_53
epiphany,TRUE,,,TRUE,,,,,,,,TRUE,,,,,,,,,TRUE,,,,,,,,,TRUE,cb_hatch,cb_hatch_71
f*ck,TRUE,,,,,,TRUE,,,,TRUE,,,,,,,TRUE,,,,,,,,,,,,TRUE,cb_ms50,cb_ms50_4
f*ck,TRUE,,,,,,TRUE,,,,TRUE,,,,,,,,,,TRUE,,,,,TRUE,xxx,,,TRUE,cb_ms50,cb_ms50_5
f*ck,,TRUE,,,,,TRUE,,,,TRUE,,,,,,,,,,TRUE,,,,,TRUE,xxx,,,TRUE,cb_ms50,cb_ms50_47
f*ck,TRUE,,,,,TRUE,,,,,TRUE,,,,,,,,,,TRUE,,,,,,,,,TRUE,cb_ms50,cb_ms50_48
f*ck,,TRUE,,TRUE,,,,,,,TRUE,,,,,,,,,,,TRUE,,,,,,,,TRUE,cb_ms50,cb_ms50_57
f*ck,,TRUE,,TRUE,,,,,,,TRUE,,,,,,,,,,TRUE,,,,,,,,,TRUE,cb_ms50,cb_ms50_58
f*ck,,TRUE,,,,,TRUE,,,,TRUE,,,,,,,,,,TRUE,,,,,,,,,TRUE,cb_ms50,cb_ms50_59
f*ck,TRUE,,,,,TRUE,,,,,TRUE,,,,,TRUE,,,,,TRUE,,,,,,,,,TRUE,cb_ms50,cb_ms50_92
f*ck,TRUE,,,,,,TRUE,,,,TRUE,,,,,TRUE,,,,,TRUE,,,,,,,,,TRUE,cb_ms50,cb_ms50_93
friction,TRUE,TRUE,TRUE,,,TRUE,,,,,TRUE,,,,,,TRUE,,,,TRUE,,,,,,,,TRUE,,cb_hatch,cb_hatch_1
friction,TRUE,TRUE,TRUE,TRUE,,,,,,,TRUE,,,,,,TRUE,,,,TRUE,TRUE,,,,,,,TRUE,,cb_hatch,cb_hatch_15
friction,,TRUE,,TRUE,,,,,,,TRUE,,,,,TRUE,,,,TRUE,,,,,,,,,TRUE,,cb_hatch,cb_hatch_18
friction,TRUE,,TRUE,,,,TRUE,,,,TRUE,,,,,TRUE,,,,TRUE,TRUE,,,,TRUE,,,,TRUE,,cb_hatch,cb_hatch_35
friction,,TRUE,,,,,TRUE,,,,TRUE,,,,,,,,,TRUE,,,,,,,,,TRUE,,cb_hatch,cb_hatch_40
friction,TRUE,TRUE,TRUE,TRUE,,,TRUE,,,TRUE,TRUE,,,,,,,,,TRUE,,,,,,,,,TRUE,,cb_hatch,cb_hatch_41
friction,TRUE,,TRUE,,,,TRUE,,,,TRUE,,,,,TRUE,,,,,TRUE,,,,,,,,TRUE,,cb_hatch,cb_hatch_51
glow,,TRUE,,,,,,TRUE,,,TRUE,,,,,,,,,,TRUE,,,,,,,TRUE,,,cb_ms50,cb_ms50_6
glow,,TRUE,,,,,,TRUE,,,TRUE,,,,,,,,,TRUE,,,,,,,,TRUE,,,cb_ms50,cb_ms50_7
glow,TRUE,,,,,,TRUE,,,,TRUE,,,,,,,,,,TRUE,,,,,,,TRUE,,,cb_ms50,cb_ms50_8
glow,TRUE,,,,TRUE,,,,,,TRUE,,,,,,,,,,TRUE,,,,,,,TRUE,,,cb_ms50,cb_ms50_9
glow,TRUE,,,,,,TRUE,,,,,TRUE,,,,,,,,,TRUE,,,,,,,TRUE,,,cb_ms50,cb_ms50_10
glow,TRUE,,,,,,TRUE,TRUE,,TRUE,TRUE,,,,,,,,,,TRUE,,,,,TRUE,grecian_robe,TRUE,,,cb_ms50,cb_ms50_11
glow,TRUE,,,TRUE,,,,,,,TRUE,,,,,,,,,TRUE,,,,,,,,TRUE,,,cb_ms50,cb_ms50_23
glow,,TRUE,,,,,,TRUE,,,TRUE,,,,,,,,,,TRUE,,,,,,,TRUE,,,cb_ms50,cb_ms50_24
glow,,TRUE,,,,,,TRUE,,,TRUE,,,,,,,,,,TRUE,,,,,,,TRUE,,,cb_ms50,cb_ms50_25
glow,,TRUE,,,,,TRUE,,,,TRUE,,,,,,,,,,TRUE,,,,,,,TRUE,,,cb_ms50,cb_ms50_26
glow,,TRUE,,,,,,TRUE,,,TRUE,,,,,,,,,,TRUE,,,,,,,TRUE,,,cb_ms50,cb_ms50_49
glow,,TRUE,,,,TRUE,,,,,TRUE,,,,,,,,,,TRUE,,,,,,,TRUE,,,cb_ms50,cb_ms50_50
glow,TRUE,,,,,,,TRUE,,,TRUE,,,,,,,,,,TRUE,,,,,,,TRUE,,,cb_ms50,cb_ms50_51
glow,TRUE,,,,TRUE,,,,,,TRUE,,,,,,,,,,,,,TRUE,,,,TRUE,,,cb_ms50,cb_ms50_52
glow,,TRUE,,TRUE,,,,,,,TRUE,,,,,,,,,,TRUE,,,,,TRUE,wiccan_robe,TRUE,,,cb_ms50,cb_ms50_60
glow,,TRUE,,TRUE,,,,,,,TRUE,,,,,,,,,,TRUE,,,,,,,TRUE,,,cb_ms50,cb_ms50_61
glow,,TRUE,,,,,TRUE,,,,TRUE,,,,,,,,,,TRUE,,,,,,,TRUE,,,cb_ms50,cb_ms50_62
glow,,TRUE,,,TRUE,,,,,,TRUE,,,,,,,,,,,TRUE,,,,,,TRUE,,,cb_ms50,cb_ms50_63
glow,TRUE,,,,,TRUE,,,,,TRUE,,,,,,,,,,TRUE,,,,,,,TRUE,,,cb_ms50,cb_ms50_64
glow,TRUE,,,,,,,TRUE,,,,TRUE,,,,,,,,TRUE,,,,,,,,TRUE,,,cb_ms50,cb_ms50_65
glow,TRUE,,,,,,,TRUE,,,,TRUE,,,,,,,,,,,TRUE,,,,,TRUE,,,cb_ms50,cb_ms50_66
glow,TRUE,,,,,,,TRUE,,,TRUE,,,,,,,,,,TRUE,,,,,TRUE,sun,TRUE,,,cb_ms50,cb_ms50_67
glow,TRUE,,,,TRUE,,,,,,,TRUE,,,,,,,,,TRUE,,,,,,,TRUE,,,cb_ms50,cb_ms50_68
glow,TRUE,,,,,,,TRUE,,,TRUE,,,,,,,,,,TRUE,,,,,TRUE,smile,TRUE,,,cb_ms50,cb_ms50_84
glow,,TRUE,,,,,,TRUE,,,TRUE,,,,,TRUE,,,,TRUE,,,,,,,,TRUE,,,cb_ms50,cb_ms50_94
glow,,TRUE,,,,,TRUE,,,,,TRUE,,,,TRUE,,,,,TRUE,,,,,,,TRUE,,,cb_ms50,cb_ms50_95
glow,,TRUE,,,TRUE,,,,,,TRUE,,,,,TRUE,,,,,TRUE,,,,,,,TRUE,,,cb_ms50,cb_ms50_96
glow,,TRUE,,,,,,TRUE,,,,TRUE,,,,TRUE,,,,,TRUE,,,,,,,TRUE,,,cb_ms50,cb_ms50_97
glow,,TRUE,,,,,,TRUE,,,TRUE,,,,,TRUE,,,,,,,TRUE,,,,,TRUE,,,cb_ms50,cb_ms50_98
glow,,TRUE,,,,,,TRUE,,,TRUE,,,,,TRUE,,,,,,TRUE,,,,,,TRUE,,,cb_ms50,cb_ms50_99
glow,,TRUE,,,,,TRUE,,,,TRUE,,,,,TRUE,,,,,TRUE,,,,,,,TRUE,,,cb_ms50,cb_ms50_100
glow,,TRUE,,,,,,TRUE,,,TRUE,,,,,TRUE,,,,TRUE,,,,,,,,TRUE,,,cb_ms50,cb_ms50_101
glow,,TRUE,,,,,,TRUE,,,TRUE,,,,,TRUE,,,,TRUE,,,,,,,,TRUE,,,cb_ms50,cb_ms50_102
glow,,TRUE,,,,,TRUE,,,,TRUE,,,,,TRUE,,,,,TRUE,,,,,,,TRUE,,,cb_ms50,cb_ms50_103
glow,TRUE,,,,,,,TRUE,,,TRUE,,,,,TRUE,,,,,TRUE,,,,,,,TRUE,,,cb_ms50,cb_ms50_104
glow,TRUE,,,,,,,TRUE,,,TRUE,,,,,TRUE,,,,,TRUE,,,,,,,TRUE,,,cb_ms50,cb_ms50_105
glow,TRUE,,,,,,TRUE,,,,TRUE,,,,,TRUE,,,,,TRUE,,,,,,,TRUE,,,cb_ms50,cb_ms50_106
glow,TRUE,,,,,,TRUE,,,,,TRUE,,,,TRUE,,,,,TRUE,,,,,,,TRUE,,,cb_ms50,cb_ms50_107
glow,,TRUE,,,,,,TRUE,,,TRUE,,,,,,,,,,TRUE,,,,,,,TRUE,,,cb_ms50,cb_ms50_118
grieve,TRUE,,,,TRUE,,,,,,TRUE,,,,,,,,,TRUE,,,,,,,,,TRUE,,cb_ms50,cb_ms50_1
grieve,TRUE,,,,TRUE,,,,,,TRUE,,,,,,,,,,TRUE,,,,,,,,TRUE,,cb_ms50,cb_ms50_12
grieve,,TRUE,,,,TRUE,,,,,TRUE,,,,,,,,,,,TRUE,,,,,,,TRUE,,cb_ms50,cb_ms50_13
grieve,TRUE,,,,TRUE,,,,,,TRUE,,,,,,,,,,TRUE,,,,,,,,TRUE,,cb_ms50,cb_ms50_14
grieve,TRUE,,,,TRUE,,,,,,TRUE,,,,,,,,TRUE,,,,,,,,,,TRUE,,cb_ms50,cb_ms50_15
grieve,TRUE,,,,,TRUE,,,,,TRUE,,,,,,,,,TRUE,,,,,,,,,TRUE,,cb_ms50,cb_ms50_16
grieve,TRUE,,,,,TRUE,,,,,TRUE,,,,,,,,,TRUE,,,,,,TRUE,homeless_blanket,,TRUE,,cb_ms50,cb_ms50_17
grieve,TRUE,,,,TRUE,,,,,,TRUE,,,,,,,,,TRUE,,,,,,,,,TRUE,,cb_ms50,cb_ms50_18
grieve,TRUE,,,,,TRUE,,,,,TRUE,,,,,,,,TRUE,,,,,,,,,,TRUE,,cb_ms50,cb_ms50_27
grieve,,TRUE,,,TRUE,,,,,,TRUE,,,,,,,,,,,,,TRUE,,,,,TRUE,,cb_ms50,cb_ms50_28
grieve,,TRUE,,,,TRUE,,,,,,TRUE,,,,,,,,TRUE,,,,,,,,,TRUE,,cb_ms50,cb_ms50_29
grieve,,TRUE,,,,TRUE,,,,,TRUE,,,,,,,TRUE,,,,,,,,,,,TRUE,,cb_ms50,cb_ms50_30
grieve,TRUE,,,,,TRUE,,,,,TRUE,,,,,,,,,TRUE,,,,,,,,,TRUE,,cb_ms50,cb_ms50_31
grieve,TRUE,,,,,TRUE,,,,,TRUE,,,,,,,TRUE,,,,,,,,,,,TRUE,,cb_ms50,cb_ms50_53
grieve,,TRUE,,TRUE,,,,,,,TRUE,,,,,,,,,,,,,TRUE,,,,,TRUE,,cb_ms50,cb_ms50_69
grieve,TRUE,,,,,,TRUE,,,,TRUE,,,,,,,,,,TRUE,,,,,,,,TRUE,,cb_ms50,cb_ms50_70
rage,,TRUE,,,TRUE,,,,,,TRUE,,,,,,,,,TRUE,,,,,,,,,TRUE,,cb_ms50,cb_ms50_19
rage,TRUE,,,,,,TRUE,,,,TRUE,,,,,,,,,,TRUE,,,,,,,,TRUE,,cb_ms50,cb_ms50_20
rage,,TRUE,,,,,TRUE,,,,,TRUE,,,,,,,,,TRUE,,,,,,,,TRUE,,cb_ms50,cb_ms50_32
rage,,TRUE,,,,TRUE,,,,,TRUE,,,,,,,,,,TRUE,,,,,,,,TRUE,,cb_ms50,cb_ms50_33
rage,,TRUE,,,TRUE,,,,,,,TRUE,,,,,,,,,TRUE,,,,,,,,TRUE,,cb_ms50,cb_ms50_34
rage,TRUE,,,TRUE,,,,,,,,TRUE,,,,,,,,,TRUE,,,,,,,,TRUE,,cb_ms50,cb_ms50_35
rage,TRUE,,,,,,TRUE,,,,TRUE,,,,,,,,,,TRUE,,,,,,,,TRUE,,cb_ms50,cb_ms50_36
rage,TRUE,,,,,,,TRUE,,,,TRUE,,,,,,,,,,,TRUE,,,,,,TRUE,,cb_ms50,cb_ms50_37
rage,TRUE,,,,,,TRUE,,,,TRUE,,,,,,,,,,TRUE,,,,,,,,TRUE,,cb_ms50,cb_ms50_38
rage,,TRUE,,,,,TRUE,,,,,TRUE,,,,,,,,TRUE,,,,,,,,,TRUE,,cb_ms50,cb_ms50_54
rage,,TRUE,,,,,TRUE,,,,,TRUE,,,,,,,,,TRUE,,,,,,,,TRUE,,cb_ms50,cb_ms50_71
rage,,TRUE,,,,,TRUE,,,,,TRUE,,,,,,,,TRUE,,,,,,,,,TRUE,,cb_ms50,cb_ms50_72
rage,,TRUE,,,,,TRUE,,,,,TRUE,,,,,,,,,TRUE,,,,,,,,TRUE,,cb_ms50,cb_ms50_73
rage,,TRUE,,,,,TRUE,,,,,TRUE,,,,,,,,,TRUE,,,,,,,,TRUE,,cb_ms50,cb_ms50_74
rage,,TRUE,,,,,TRUE,,,,TRUE,,,,,,,,TRUE,,,,,,,,,,TRUE,,cb_ms50,cb_ms50_75
rage,TRUE,,,,,,TRUE,,,,,TRUE,,,,,,,,,,,TRUE,,,,,,TRUE,,cb_ms50,cb_ms50_76
rage,TRUE,,,,TRUE,,,,,,,TRUE,,,,,,,,,TRUE,,,,,,,,TRUE,,cb_ms50,cb_ms50_77
rage,TRUE,,,,,,,TRUE,,,TRUE,,,,,,,,,,TRUE,,,,,,,,TRUE,,cb_ms50,cb_ms50_78
rage,TRUE,,,,,,TRUE,,,,,TRUE,,,,,,,,,TRUE,,,,,TRUE,torreador_cape,,TRUE,,cb_ms50,cb_ms50_79
rage,TRUE,,,,,,,TRUE,,,,TRUE,,,,,,,,,,TRUE,,,,,,,TRUE,,cb_ms50,cb_ms50_80
rage,TRUE,,,,,,TRUE,,,,TRUE,,,,,,,,,,TRUE,,,,,,,,TRUE,,cb_ms50,cb_ms50_81
rage,TRUE,,,,,,TRUE,,,,,TRUE,,,,,,,,,TRUE,,,,,TRUE,torreador_cape,,TRUE,,cb_ms50,cb_ms50_82
tickle,,TRUE,,TRUE,,,,,,,TRUE,,,,,,,TRUE,,,,,,,,,,TRUE,,,cb_ms50,cb_ms50_39
tickle,TRUE,,,TRUE,,,,,,,TRUE,,,,,,,,,TRUE,,,,,,,,TRUE,,,cb_ms50,cb_ms50_40
tickle,TRUE,,,TRUE,,,,,,,TRUE,,,,,,,,,,TRUE,,,,,,,TRUE,,,cb_ms50,cb_ms50_41
tickle,TRUE,,,,TRUE,,,,,,TRUE,,,,,,,,,,TRUE,,,,,,,TRUE,,,cb_ms50,cb_ms50_42
tickle,,TRUE,,TRUE,,,,,,,,TRUE,,,,,,,,,TRUE,,,,,,,TRUE,,,cb_ms50,cb_ms50_55
tickle,,TRUE,,TRUE,,,,,,,TRUE,,,,,,,,,,TRUE,,,,,,,TRUE,,,cb_ms50,cb_ms50_83
tickle,,TRUE,,TRUE,,,,,,,,TRUE,,,,TRUE,,,,,,TRUE,,,,,,TRUE,,,cb_ms50,cb_ms50_108
tickle,,TRUE,,TRUE,,,,,,,,TRUE,,,,TRUE,,,,,TRUE,,,,,,,TRUE,,,cb_ms50,cb_ms50_109
tickle,,TRUE,,,,,TRUE,,,,TRUE,,,,,TRUE,,,,,,TRUE,,,,,,TRUE,,,cb_ms50,cb_ms50_110
tickle,,TRUE,,,TRUE,,,,,,TRUE,,,,,TRUE,,,,,TRUE,,,,,,,TRUE,,,cb_ms50,cb_ms50_111
tickle,,TRUE,,,,,TRUE,,,,,TRUE,,,,TRUE,,,,,,,TRUE,,,,,TRUE,,,cb_ms50,cb_ms50_112
tickle,,TRUE,,,,,,TRUE,,,TRUE,,,,,TRUE,,TRUE,,,,,,,,,,TRUE,,,cb_ms50,cb_ms50_113
tickle,,TRUE,,TRUE,,,,,,,,TRUE,,,,TRUE,,,,,,,TRUE,,,,,TRUE,,,cb_ms50,cb_ms50_114
tickle,TRUE,,,,,,TRUE,,,,TRUE,,,,,TRUE,,TRUE,,,,,,,,,,TRUE,,,cb_ms50,cb_ms50_115
tickle,TRUE,,,,,,,TRUE,,,TRUE,,,,,TRUE,,,,TRUE,,,,,,,,TRUE,,,cb_ms50,cb_ms50_116
tickle,TRUE,,,,,,TRUE,,,,TRUE,,,,,TRUE,,,,,,TRUE,,,,,,TRUE,,,cb_ms50,cb_ms50_117
tickle,TRUE,,,TRUE,,,,,,,,TRUE,,,,,,,,,,,,TRUE,,,,TRUE,,,cb_ms50,cb_ms50_119
tomorrow,TRUE,TRUE,TRUE,,TRUE,,TRUE,,,TRUE,TRUE,,,,,TRUE,TRUE,,,,TRUE,,,,TRUE,,,,,TRUE,cb_park,cb_park_1
tomorrow,TRUE,,TRUE,,TRUE,TRUE,TRUE,,,TRUE,,,,,,TRUE,TRUE,,,,TRUE,,,,,,,,,TRUE,cb_park,cb_park_2
tomorrow,,TRUE,TRUE,,,,TRUE,,,,,TRUE,,,,TRUE,TRUE,,,,,,TRUE,,,,,,,TRUE,cb_park,cb_park_3
tomorrow,TRUE,TRUE,TRUE,,TRUE,TRUE,,,,TRUE,TRUE,,,,,TRUE,,,,,TRUE,,,,,,,,,TRUE,cb_park,cb_park_4
tomorrow,,TRUE,TRUE,,,TRUE,,,,,TRUE,,,,,,,,,,TRUE,,,,,,,,,TRUE,cb_park,cb_park_5
tomorrow,TRUE,TRUE,TRUE,,TRUE,,TRUE,,,TRUE,TRUE,,,,,TRUE,,,,,TRUE,,,,,TRUE,joint,,,TRUE,cb_park,cb_park_6
tomorrow,,TRUE,TRUE,,TRUE,,,,,,,TRUE,,,,TRUE,TRUE,TRUE,,,TRUE,,,,TRUE,,,,,TRUE,cb_park,cb_park_7
tomorrow,TRUE,TRUE,TRUE,,TRUE,TRUE,,,,TRUE,,,,,,TRUE,,,,,,,TRUE,,,,,,,TRUE,cb_park,cb_park_8
tomorrow,TRUE,TRUE,TRUE,,,TRUE,TRUE,,,TRUE,,,TRUE,,,TRUE,,,,,TRUE,TRUE,,,,,,,,TRUE,cb_park,cb_park_9
tomorrow,TRUE,TRUE,TRUE,,,TRUE,TRUE,,,TRUE,TRUE,,,,,TRUE,,,,,TRUE,,,,,,,,,TRUE,cb_park,cb_park_10
tomorrow,TRUE,TRUE,TRUE,,,TRUE,TRUE,,,TRUE,,,,,,TRUE,,,,,TRUE,,,,,,,,,TRUE,cb_park,cb_park_11
tomorrow,TRUE,TRUE,TRUE,,TRUE,,TRUE,,,TRUE,TRUE,,,,,TRUE,,,,,TRUE,,,,,,,,,TRUE,cb_park,cb_park_12
tomorrow,,TRUE,TRUE,,TRUE,,,,,,,,TRUE,,TRUE,TRUE,,,,,TRUE,,,,,,,,,TRUE,cb_park,cb_park_13
tomorrow,TRUE,TRUE,TRUE,,TRUE,,,,,,TRUE,,,,,TRUE,,,,,TRUE,,,,,,,,,TRUE,cb_park,cb_park_14
tomorrow,,TRUE,TRUE,,TRUE,,,,,,,,TRUE,,TRUE,TRUE,TRUE,,TRUE,,TRUE,,,,TRUE,,,,,TRUE,cb_park,cb_park_15
tomorrow,,TRUE,,,TRUE,,,,,,TRUE,,,,,TRUE,,,,,TRUE,,,,,,,,,TRUE,cb_park,cb_park_16
tomorrow,TRUE,TRUE,TRUE,,TRUE,,,,,,TRUE,,,,,TRUE,,,,,TRUE,,,,,,,,,TRUE,cb_park,cb_park_17
tomorrow,TRUE,,TRUE,,TRUE,TRUE,,,,TRUE,,TRUE,,,,TRUE,TRUE,,TRUE,,TRUE,,,,TRUE,,,,,TRUE,cb_park,cb_park_18
tomorrow,TRUE,,,,,,TRUE,,,,TRUE,,,,,TRUE,,,,,TRUE,,,,,TRUE,superhero_cape,,,TRUE,cb_park,cb_park_19
tomorrow,TRUE,,TRUE,,TRUE,,,,,,,TRUE,,,,TRUE,TRUE,TRUE,,TRUE,TRUE,,,,TRUE,TRUE,superhero_cape,,,TRUE,cb_park,cb_park_20
tomorrow,,TRUE,TRUE,,TRUE,,,,,,TRUE,,,,,TRUE,TRUE,,,,TRUE,,,,,,,,,TRUE,cb_park,cb_park_21
tomorrow,,TRUE,TRUE,,TRUE,,,,,,TRUE,,,,,TRUE,TRUE,,,,TRUE,,,,,,,,,TRUE,cb_park,cb_park_22
tomorrow,TRUE,,,,,,TRUE,,,,,,TRUE,,,TRUE,,,,,TRUE,,,,,,,,,TRUE,cb_park,cb_park_23
tomorrow,TRUE,TRUE,TRUE,,,,TRUE,,,,,,TRUE,,,,,,,,TRUE,,,,,,,,,TRUE,cb_park,cb_park_24
tomorrow,TRUE,TRUE,TRUE,,,,TRUE,,,,,,,,,,,,,,TRUE,,,,,,,,,TRUE,cb_park,cb_park_25
tomorrow,TRUE,TRUE,TRUE,,,,TRUE,,,,TRUE,,,,,TRUE,TRUE,,,,TRUE,,,,,,,,,TRUE,cb_park,cb_park_26
tomorrow,,TRUE,,,TRUE,TRUE,,,,TRUE,TRUE,,,,,TRUE,,,,,TRUE,,,,,,,,,TRUE,cb_park,cb_park_27
tomorrow,,TRUE,TRUE,,TRUE,TRUE,,,,TRUE,,TRUE,,,,TRUE,TRUE,,,,,,TRUE,,,,,,,TRUE,cb_park,cb_park_28
tomorrow,,TRUE,TRUE,,TRUE,,TRUE,,,TRUE,TRUE,,,,,TRUE,,,,,TRUE,,,,,,,,,TRUE,cb_park,cb_park_29
tomorrow,TRUE,TRUE,TRUE,,,TRUE,,,,,TRUE,,,,,,TRUE,,,,TRUE,,,,,,,,,TRUE,cb_park,cb_park_30
tomorrow,TRUE,TRUE,TRUE,,TRUE,TRUE,,,,TRUE,,,TRUE,,,TRUE,,,,,TRUE,,,,,,,,,TRUE,cb_park,cb_park_31
tomorrow,,TRUE,TRUE,,TRUE,,TRUE,,,TRUE,,,,,,TRUE,TRUE,,,,TRUE,TRUE,,,TRUE,,,,,TRUE,cb_park,cb_park_32
tomorrow,TRUE,TRUE,TRUE,,TRUE,TRUE,TRUE,,,TRUE,,,TRUE,,TRUE,TRUE,,,,,,,TRUE,,,,,,,TRUE,cb_park,cb_park_33
tomorrow,,TRUE,TRUE,,TRUE,TRUE,TRUE,,,TRUE,,TRUE,,,,TRUE,,,,,TRUE,,,,,,,,,TRUE,cb_park,cb_park_34
tomorrow,,TRUE,TRUE,,TRUE,TRUE,TRUE,,,TRUE,TRUE,,,,,TRUE,TRUE,,,TRUE,TRUE,,,,TRUE,,,,,TRUE,cb_park,cb_park_35
tomorrow,TRUE,TRUE,TRUE,,TRUE,TRUE,TRUE,,,TRUE,TRUE,,,,,TRUE,TRUE,,,,TRUE,,,,,TRUE,word / VOTE,,,TRUE,cb_park,cb_park_36
tomorrow,,TRUE,,,TRUE,,,,,,TRUE,,,,,TRUE,,,,,TRUE,,,,,TRUE,letter / O in OBAMA,,,TRUE,cb_park,cb_park_37
tomorrow,TRUE,,,,,TRUE,,,,,TRUE,,,,,TRUE,,,,,TRUE,,,,,TRUE,letter / B in OBAMA,,,TRUE,cb_park,cb_park_38
tomorrow,,TRUE,TRUE,,,,TRUE,,,,TRUE,,,,,TRUE,,,,,TRUE,,,,,TRUE,letter / A1 in OBAMA,,,TRUE,cb_park,cb_park_39
tomorrow,,TRUE,TRUE,,,,TRUE,,,,TRUE,,,,,TRUE,,,,,TRUE,,,,,TRUE,letter / A2 in OBAMA,,,TRUE,cb_park,cb_park_40
tomorrow,,TRUE,TRUE,,TRUE,,,,,,TRUE,,,,,TRUE,,,,,TRUE,TRUE,,,TRUE,TRUE,letter / M in OBAMA,,,TRUE,cb_park,cb_park_41
tomorrow,TRUE,TRUE,TRUE,,TRUE,,TRUE,,,TRUE,,TRUE,,,,TRUE,,,,TRUE,TRUE,,,,TRUE,,,,,TRUE,cb_park,cb_park_42
tomorrow,TRUE,,,,TRUE,,,,,,,TRUE,,,,TRUE,,,,,TRUE,,,,,TRUE,torreador_cape,,,TRUE,cb_park,cb_park_43
tomorrow,,TRUE,TRUE,,,,TRUE,,,,TRUE,,,,,TRUE,TRUE,,,,TRUE,,,,,,,,,TRUE,cb_park,cb_park_44
tomorrow,TRUE,TRUE,TRUE,,TRUE,,,,,,TRUE,,,,,TRUE,TRUE,,,TRUE,TRUE,,TRUE,,TRUE,,,,,TRUE,cb_park,cb_park_45
tomorrow,TRUE,TRUE,TRUE,,TRUE,,,,,,TRUE,,,,,TRUE,TRUE,,,,TRUE,,,,,,,,,TRUE,cb_park,cb_park_46
tomorrow,,TRUE,TRUE,,TRUE,TRUE,,,,TRUE,,TRUE,,,,TRUE,,,,TRUE,TRUE,,,,TRUE,,,,,TRUE,cb_park,cb_park_47
tomorrow,TRUE,TRUE,TRUE,,TRUE,TRUE,TRUE,,,TRUE,,,,,,TRUE,,,,TRUE,TRUE,,TRUE,,TRUE,,,,,TRUE,cb_park,cb_park_48
tomorrow,,TRUE,TRUE,,TRUE,,,,,,TRUE,,,,,TRUE,,,,TRUE,,,,,,,,,,TRUE,cb_park,cb_park_49
tomorrow,TRUE,TRUE,TRUE,,TRUE,,,,,,TRUE,,,,,TRUE,TRUE,,,TRUE,,,,,,,,,,TRUE,cb_park,cb_park_50
tomorrow,TRUE,TRUE,TRUE,,TRUE,,TRUE,,,TRUE,TRUE,,,,,TRUE,,,,TRUE,,,,,,,,,,TRUE,cb_park,cb_park_51
tomorrow,TRUE,TRUE,TRUE,,TRUE,,,,,,TRUE,,,,,TRUE,TRUE,,,TRUE,TRUE,,,,TRUE,TRUE,superhero_cape,,,TRUE,cb_park,cb_park_52
tomorrow,TRUE,TRUE,TRUE,,TRUE,,TRUE,,,TRUE,TRUE,,,,,TRUE,TRUE,,,,TRUE,,,,,TRUE,superhero_cape,,,TRUE,cb_park,cb_park_53
tomorrow,TRUE,TRUE,TRUE,,TRUE,,TRUE,,,TRUE,,,,,TRUE,TRUE,TRUE,,TRUE,,TRUE,,,,TRUE,,,,,TRUE,cb_park,cb_park_54
tomorrow,TRUE,TRUE,TRUE,,,TRUE,TRUE,,,TRUE,,TRUE,,,,TRUE,TRUE,,,TRUE,TRUE,TRUE,,,TRUE,,,,,TRUE,cb_park,cb_park_55
tomorrow,TRUE,TRUE,TRUE,,TRUE,,TRUE,,,TRUE,,,TRUE,,,TRUE,,,,,TRUE,,,,,,,,,TRUE,cb_park,cb_park_56
tomorrow,TRUE,TRUE,TRUE,,,TRUE,,,,,,,,,,TRUE,,,,,TRUE,,TRUE,,TRUE,,,,,TRUE,cb_park,cb_park_57
tomorrow,,TRUE,TRUE,,TRUE,,TRUE,,,TRUE,TRUE,,,,,TRUE,TRUE,,,,TRUE,,,,,TRUE,rosie the riveter bandana,,,TRUE,cb_park,cb_park_58
tomorrow,TRUE,TRUE,TRUE,,TRUE,TRUE,TRUE,,,TRUE,,TRUE,,,,TRUE,,,,,TRUE,,,,,,,,,TRUE,cb_park,cb_park_59
tomorrow,TRUE,,TRUE,,,TRUE,TRUE,,,TRUE,TRUE,,,,,,,,,,TRUE,,,,,,,,,TRUE,cb_park,cb_park_60
tomorrow,TRUE,TRUE,TRUE,,TRUE,,TRUE,,,TRUE,TRUE,,,,,TRUE,TRUE,,,,TRUE,,,,,,,,,TRUE,cb_park,cb_park_61
tomorrow,,TRUE,TRUE,,,,TRUE,,,,,TRUE,,,,TRUE,,,,,TRUE,TRUE,,,TRUE,,,,,TRUE,cb_park,cb_park_62
tomorrow,TRUE,TRUE,TRUE,,TRUE,,TRUE,,,TRUE,TRUE,,,,,TRUE,TRUE,,TRUE,TRUE,,,,,TRUE,,,,,TRUE,cb_park,cb_park_63
tomorrow,TRUE,,,,,,TRUE,,,,,,TRUE,,,,,,,TRUE,,,,,,,,,,TRUE,cb_park,cb_park_64
tomorrow,,TRUE,TRUE,,,,TRUE,,,,TRUE,,,,,TRUE,TRUE,,,,TRUE,,,,,,,,,TRUE,cb_park,cb_park_65
tomorrow,TRUE,TRUE,TRUE,,TRUE,,TRUE,,,TRUE,TRUE,,,,,TRUE,,,,,TRUE,,,,,,,,,TRUE,cb_park,cb_park_66
tomorrow,,TRUE,,,,,TRUE,,,,TRUE,,,,,,,,,,TRUE,,,,,,,,,TRUE,cb_park,cb_park_67
tomorrow,,TRUE,TRUE,,TRUE,,TRUE,,,TRUE,TRUE,,,,,TRUE,,,,TRUE,TRUE,,,,TRUE,,,,,TRUE,cb_park,cb_park_68
tomorrow,TRUE,TRUE,TRUE,,TRUE,TRUE,TRUE,,,TRUE,TRUE,,,,,TRUE,,,,,TRUE,,,,,,,,,TRUE,cb_park,cb_park_69
tomorrow,TRUE,TRUE,TRUE,,TRUE,,TRUE,,,TRUE,,,,,,TRUE,,,,TRUE,,,TRUE,,,,,,,TRUE,cb_park,cb_park_70
tomorrow,TRUE,TRUE,TRUE,,,,TRUE,,,,TRUE,,,,,TRUE,TRUE,,TRUE,TRUE,,,,,TRUE,TRUE,riding saddle,,,TRUE,cb_park,cb_park_71
tomorrow,TRUE,TRUE,TRUE,,TRUE,,TRUE,,,TRUE,,,,,,,TRUE,,,,TRUE,,,,,,,,,TRUE,cb_park,cb_park_72
tomorrow,TRUE,TRUE,TRUE,,TRUE,,TRUE,,,TRUE,TRUE,,,,,TRUE,TRUE,,,,TRUE,,,,,,,,,TRUE,cb_park,cb_park_73
tomorrow,TRUE,,,,TRUE,,TRUE,,,TRUE,TRUE,,,,,,,,,,TRUE,,,,,,,,,TRUE,cb_park,cb_park_74
tomorrow,,TRUE,TRUE,,,TRUE,,,,,,,TRUE,,TRUE,TRUE,,,,,,,TRUE,,,,,,,TRUE,cb_park,cb_park_75
tomorrow,,TRUE,TRUE,,TRUE,,TRUE,,,TRUE,TRUE,,,,,TRUE,,,,,TRUE,,,,,,,,,TRUE,cb_park,cb_park_76
tomorrow,TRUE,,TRUE,,,,TRUE,,,,TRUE,,,,,TRUE,,,,TRUE,TRUE,,,,,,,,,TRUE,cb_park,cb_park_77
tomorrow,TRUE,TRUE,TRUE,,,,TRUE,,,,,TRUE,,,,TRUE,,,,TRUE,TRUE,,,,TRUE,TRUE,torreador cape,,,TRUE,cb_park,cb_park_78
tomorrow,TRUE,TRUE,TRUE,,TRUE,,,,,,TRUE,,,,,TRUE,,,,,TRUE,,,,,TRUE,superhero_cape,,,TRUE,cb_park,cb_park_79
tomorrow,TRUE,TRUE,TRUE,,TRUE,TRUE,TRUE,,,TRUE,TRUE,,,,,TRUE,TRUE,,,,TRUE,,,,,,,,,TRUE,cb_park,cb_park_80
tomorrow,TRUE,TRUE,TRUE,,TRUE,,,,,,TRUE,,,,,TRUE,TRUE,,,,TRUE,,,,,,,,,TRUE,cb_park,cb_park_81
tomorrow,TRUE,,TRUE,,TRUE,,TRUE,,,TRUE,,,,,TRUE,TRUE,TRUE,,,,TRUE,,,,,,,,,TRUE,cb_park,cb_park_82
tomorrow,TRUE,,,,,TRUE,,,,,TRUE,,,,,,,,,,TRUE,,,,,,,,,TRUE,cb_park,cb_park_83
tomorrow,TRUE,TRUE,TRUE,,TRUE,,TRUE,,,TRUE,TRUE,,,,,TRUE,,,,,TRUE,,,,,TRUE,superhero_cape,,,TRUE,cb_park,cb_park_84
tomorrow,TRUE,,TRUE,,TRUE,,TRUE,,,TRUE,TRUE,,,,,TRUE,,,,TRUE,TRUE,,,,,,,,,TRUE,cb_park,cb_park_85
tomorrow,TRUE,TRUE,TRUE,,TRUE,,TRUE,,,TRUE,TRUE,,,,,TRUE,TRUE,,,,TRUE,,,,,,,,,TRUE,cb_park,cb_park_86
tomorrow,TRUE,TRUE,TRUE,,TRUE,,TRUE,,,TRUE,,,,,,TRUE,,,,,,,TRUE,,,,,,,TRUE,cb_park,cb_park_87
tomorrow,TRUE,,,,,,TRUE,,,,,TRUE,,,,TRUE,TRUE,,,,TRUE,,,,,,,,,TRUE,cb_park,cb_park_88
tomorrow,TRUE,TRUE,TRUE,,TRUE,,TRUE,,,TRUE,TRUE,,,,,TRUE,TRUE,,,,TRUE,,,,,,,,,TRUE,cb_park,cb_park_89
tomorrow,TRUE,TRUE,TRUE,,,,TRUE,,,,TRUE,,,,,,,,,,TRUE,,,,,,,,,TRUE,cb_park,cb_park_90
tomorrow,TRUE,TRUE,TRUE,,TRUE,,,,,,TRUE,,,,,TRUE,,,,,TRUE,,,,,,,,,TRUE,cb_park,cb_park_91
tomorrow,TRUE,,,,TRUE,,,,,,TRUE,,,,,TRUE,,,,,TRUE,,,,,,,,,TRUE,cb_park,cb_park_92
tomorrow,TRUE,,TRUE,,TRUE,,TRUE,,,TRUE,TRUE,,,,,,TRUE,,,,TRUE,,,,,,,,,TRUE,cb_park,cb_park_93
tomorrow,TRUE,TRUE,TRUE,,TRUE,,TRUE,,,TRUE,,TRUE,,,,TRUE,TRUE,,,,TRUE,,,,,,,,,TRUE,cb_park,cb_park_94
tomorrow,TRUE,TRUE,TRUE,,TRUE,,TRUE,,,TRUE,,,,,TRUE,TRUE,,,,TRUE,TRUE,,,,TRUE,,,,,TRUE,cb_park,cb_park_95
tomorrow,TRUE,TRUE,TRUE,,TRUE,,TRUE,,,TRUE,,,,,,,TRUE,,,TRUE,TRUE,,,,TRUE,,,,,TRUE,cb_park,cb_park_96
tomorrow,,TRUE,TRUE,,TRUE,,TRUE,,,TRUE,,,,,,TRUE,,,,TRUE,TRUE,,,,,,,,,TRUE,cb_park,cb_park_97
tomorrow,TRUE,TRUE,TRUE,,TRUE,,,,,,,,,,,TRUE,TRUE,,,TRUE,TRUE,,,TRUE,TRUE,,,,,TRUE,cb_park,cb_park_98
,,,,,,,,,,,,,,,,,,,,,,,,,,,,,,,,
your_brand,,TRUE,,,,,TRUE,,,,TRUE,,,,,TRUE,,,,,TRUE,,,,,TRUE,serving platter,TRUE,,,cb_coke,cb_coke_1
your_brand,,TRUE,,,TRUE,,,TRUE,,TRUE,TRUE,,,,,TRUE,,,,TRUE,,,,,,,,TRUE,,,cb_coke,cb_coke_2
your_brand,,TRUE,,TRUE,TRUE,,TRUE,TRUE,,TRUE,,,TRUE,,,TRUE,,,,,TRUE,,,,,,,TRUE,,,cb_coke,cb_coke_3
your_brand,TRUE,,,,,,TRUE,,,,TRUE,,,,,,,,,,TRUE,,,,,,,TRUE,,,cb_coke,cb_coke_4
your_brand,TRUE,TRUE,TRUE,,TRUE,,TRUE,,,TRUE,,TRUE,,,,TRUE,,,,,TRUE,,,,,,,TRUE,,,cb_coke,cb_coke_5
your_brand,TRUE,,,,TRUE,TRUE,,,,TRUE,,TRUE,,,,,,,,,TRUE,,,,,,,TRUE,,,cb_coke,cb_coke_6
your_brand,,TRUE,,TRUE,TRUE,,TRUE,TRUE,,TRUE,TRUE,,,,TRUE,TRUE,,,,,TRUE,,,,,,,TRUE,,,cb_coke,cb_coke_7
your_brand,,TRUE,,,,,TRUE,TRUE,,TRUE,,TRUE,,,,TRUE,,,,,TRUE,,,,,,,TRUE,,,cb_coke,cb_coke_8
your_brand,TRUE,TRUE,TRUE,TRUE,TRUE,,TRUE,TRUE,,TRUE,,,TRUE,,,,,,,,TRUE,,,,,,,TRUE,,,cb_coke,cb_coke_9
your_brand,,TRUE,,TRUE,,,,,,,TRUE,,,,,TRUE,,,,,TRUE,,,,,,,TRUE,,,cb_coke,cb_coke_10
your_brand,TRUE,,,,,,TRUE,,,,,TRUE,,,,TRUE,,,,,TRUE,,,,,,,TRUE,,,cb_coke,cb_coke_11
your_brand,TRUE,TRUE,TRUE,,,,TRUE,,,,TRUE,,,,,TRUE,,,,,TRUE,,,,,,,TRUE,,,cb_coke,cb_coke_12
your_brand,TRUE,,,TRUE,TRUE,,TRUE,TRUE,,TRUE,,TRUE,TRUE,TRUE,TRUE,TRUE,,,,TRUE,,,,,,,,TRUE,,,cb_coke,cb_coke_13
your_brand,TRUE,TRUE,TRUE,TRUE,TRUE,,TRUE,TRUE,,TRUE,TRUE,,,,,,,,,TRUE,TRUE,,,,TRUE,,,TRUE,,,cb_coke,cb_coke_14
your_brand,,TRUE,TRUE,,,,TRUE,TRUE,,TRUE,TRUE,,,,,TRUE,,,,,TRUE,,,,,,,TRUE,,,cb_coke,cb_coke_15
your_brand,,TRUE,,TRUE,,,,,,,,TRUE,,,,,,,,,TRUE,,,,,,,TRUE,,,cb_coke,cb_coke_16
your_brand,TRUE,,,TRUE,,,TRUE,TRUE,,TRUE,,,,TRUE,,,,,,,TRUE,,,,,,,TRUE,,,cb_coke,cb_coke_17
your_brand,TRUE,,TRUE,TRUE,,,,TRUE,,TRUE,TRUE,,,,,TRUE,,,,,TRUE,,,,,TRUE,superhero cape,TRUE,,,cb_coke,cb_coke_18
your_brand,TRUE,TRUE,TRUE,TRUE,,,TRUE,,,TRUE,,,,TRUE,,,,,,,TRUE,,,,,,,TRUE,,,cb_coke,cb_coke_19
your_brand,TRUE,TRUE,TRUE,TRUE,,,TRUE,,,TRUE,TRUE,,,,,,TRUE,,,,TRUE,,,,,,,TRUE,,,cb_coke,cb_coke_20
your_brand,,TRUE,,,,,TRUE,,,,,TRUE,,,,TRUE,,,,,TRUE,,,,,,,TRUE,,,cb_coke,cb_coke_21
your_brand,TRUE,,,,,,,TRUE,,,,TRUE,,,,TRUE,,,,,TRUE,,,,,,,TRUE,,,cb_coke,cb_coke_22
your_brand,,TRUE,,,,,TRUE,,,,TRUE,,,,,TRUE,,,,,TRUE,,,,,TRUE,baby,TRUE,,,cb_coke,cb_coke_23
your_brand,TRUE,,,,TRUE,,,,,,TRUE,,,,,TRUE,,,,,TRUE,,,,,TRUE,competitor's brand,TRUE,,,cb_coke,cb_coke_24
your_brand,,TRUE,,,,,TRUE,,,,,TRUE,,,,TRUE,,,,,TRUE,,,,,,,TRUE,,,cb_coke,cb_coke_25
your_brand,,TRUE,,TRUE,,,TRUE,TRUE,,TRUE,,,TRUE,,,TRUE,,,,,,,TRUE,,,,,TRUE,,,cb_coke,cb_coke_26
your_brand,TRUE,,,,,,TRUE,TRUE,,TRUE,,,TRUE,,,,,,,,,,TRUE,,,,,TRUE,,,cb_coke,cb_coke_27
your_brand,,TRUE,,,,,,TRUE,,,,TRUE,,,,TRUE,,,,,,TRUE,,,,,,TRUE,,,cb_coke,cb_coke_28
your_brand,,TRUE,,,,,TRUE,,,,,,TRUE,,,,,,,,TRUE,,,,,,,TRUE,,,cb_coke,cb_coke_29
your_brand,TRUE,,,TRUE,,,,,,,TRUE,,,,,,,,,TRUE,,,,,,,,TRUE,,,cb_coke,cb_coke_30
your_brand,TRUE,,,TRUE,TRUE,,TRUE,TRUE,,TRUE,,,TRUE,,,,,,,,TRUE,,,,,,,TRUE,,,cb_coke,cb_coke_31
your_brand,,TRUE,,,,TRUE,,,,,TRUE,,,,,,,,,,TRUE,,,,,,,TRUE,,,cb_coke,cb_coke_32
your_brand,TRUE,,,TRUE,TRUE,,TRUE,TRUE,,TRUE,,,,TRUE,TRUE,,,,,,TRUE,,,,,,,TRUE,,,cb_coke,cb_coke_33
your_brand,,TRUE,TRUE,TRUE,TRUE,,,,,TRUE,,TRUE,,,,TRUE,TRUE,,,,TRUE,,,,,,,TRUE,,,cb_coke,cb_coke_34
your_brand,,TRUE,,TRUE,,,TRUE,TRUE,,TRUE,,,,TRUE,TRUE,TRUE,,,,,TRUE,,,,,,,TRUE,,,cb_coke,cb_coke_35
your_brand,TRUE,,,,,,TRUE,,,,TRUE,,,,,TRUE,,,,,TRUE,,,,,TRUE,smile,TRUE,,,cb_coke,cb_coke_36
your_brand,TRUE,,,,,,TRUE,,,,TRUE,,,,,TRUE,,,,,TRUE,,,,,TRUE,heart,TRUE,,,cb_coke,cb_coke_37
your_brand,,TRUE,,TRUE,,,,,,,,TRUE,,,,TRUE,,,,,TRUE,,,,,,,TRUE,,,cb_coke,cb_coke_38
your_brand,TRUE,,,TRUE,,,TRUE,,,TRUE,,,,TRUE,,TRUE,,,,,,,TRUE,,,,,TRUE,,,cb_coke,cb_coke_39
zen,TRUE,TRUE,TRUE,TRUE,,,TRUE,,,TRUE,TRUE,,,,,,TRUE,,,,,,,,,,,TRUE,,,cb_hatch,cb_hatch_2
zen,,TRUE,TRUE,TRUE,,TRUE,,,,TRUE,TRUE,,,,,,TRUE,,TRUE,,,,,,,,,TRUE,,,cb_hatch,cb_hatch_3
zen,TRUE,TRUE,TRUE,,,TRUE,,,,,TRUE,,,,,,TRUE,,TRUE,TRUE,,,,,TRUE,,,TRUE,,,cb_hatch,cb_hatch_11
zen,TRUE,,,TRUE,,,,,,,TRUE,,,,,,,,,,TRUE,,,,,,,TRUE,,,cb_hatch,cb_hatch_19
zen,,TRUE,,TRUE,,,,,,,TRUE,,,,,,,,,,,TRUE,,,,,,TRUE,,,cb_hatch,cb_hatch_20
zen,TRUE,,,,,,TRUE,,,,TRUE,,,,,,,,,,TRUE,,,,,,,TRUE,,,cb_hatch,cb_hatch_29
zen,TRUE,,,,,TRUE,,,,,TRUE,,,,,,,,,,TRUE,,,,,,,TRUE,,,cb_hatch,cb_hatch_32
zen,,TRUE,,TRUE,,,,,,,TRUE,,,,,,,,,,TRUE,,,,,,,TRUE,,,cb_hatch,cb_hatch_36
zen,,TRUE,,TRUE,,,,,,,TRUE,,,,,,,,TRUE,,,,,,,,,TRUE,,,cb_hatch,cb_hatch_39
zen,TRUE,,,,,,TRUE,,,,TRUE,,,,,,,,,,,TRUE,,,,,,TRUE,,,cb_hatch,cb_hatch_55
zen,TRUE,,,,,TRUE,,,,,,TRUE,,,,,,,,,TRUE,,,,,,,TRUE,,,cb_hatch,cb_hatch_63
zen,TRUE,,,,,,,TRUE,,,TRUE,,,,,,,,TRUE,,,,,,,,,TRUE,,,cb_hatch,cb_hatch_72